species,mass,GC_content,molecular_weight,amino_acid_sequence
Aptenodytes forsteri,28.0,48.38145231846019,3268.8268000000007,MAPNLRKSHPLLKIINNSLIDLPTPSNISA
Aptenodytes patagonicus,13.4,49.69378827646544,3268.8268000000007,MAPNLRKSHPLLKIINNSLIDLPTPSNISA
Eudyptes chrysocome,2.8,51.181102362204726,3256.7731000000013,MAPNLRKSHPLLKTINNSLIDLPTPSNISA
Eudyptes chrysolophus,4.5,50.91863517060368,3256.7731000000013,MAPNLRKSHPLLKTINNSLIDLPTPSNISA
Eudyptes sclateri,4.25,50.83114610673666,3256.7731000000013,MAPNLRKSHPLLKTINNSLIDLPTPSNISA
Eudyptula minor,1.6,49.256342957130364,3298.8528000000015,MAPNLRKSHPLLKIINNSLIDLPTPSNIST
Pygoscelis adeliae,4.6,49.08136482939632,3268.8268000000007,MAPNLRKSHPLLKIINNSLIDLPTPSNISA
Pygoscelis antarctica,4.1,47.76902887139108,3268.8268000000007,MAPNLRKSHPLLKIINNSLIDLPTPSNISA
Pygoscelis papua,6.1,47.15660542432196,3292.934400000001,MAPNLRKSHPLLKIINKSLIDLPTPPNISA
Spheniscus demersus,3.2,48.29396325459317,3256.7731000000013,MAPNLRKSHPLLKTINNSLIDLPTPSNISA
Spheniscus humboldti,4.75,49.256342957130364,3256.7731000000013,MAPNLRKSHPLLKTINNSLIDLPTPSNISA
Spheniscus magellanicus,3.4,48.20647419072616,3256.7731000000013,MAPNLRKSHPLLKTINNSLIDLPTPSNISA
